{"Kr4qBOGarXacx7KF5+xXrA==":"led-gigapixel-low_res-scale-4_00x-2000x1125.jpg","KTNmQwGwxF2GXw8zYWv5Pg==":"download-160x160.png","oRykAiO0rUD++7AmPeEwUg==":"background1.jpg","5vf7VBsk23EgFkW3KBwFrg==":"2.png","15UvTD3VhoCXbwhP3qYbmA==":"fotoidee190500021.webp","Ink/wJ6aXdY76f//NKeg/A==":"images-gigapixel-lines-scale-6_00x-648x666.jpg","u9bSYX+LeOtbK5XICXUisw==":"fotoidee190500021-1.webp","LlIiBpTTmr6DV8EywtB+Zg==":"no-sound-on-computer-300x300.jpg","zKxCNDsyS2bJbWRJI0n2Ug==":"no-sound-on-computer-gigapixel-lines-scale-2_00x-300x300.jpg","QkZMp5t8HQF9mZb0NZsRbQ==":"no-sound-on-computer-gigapixel-lines-scale-2_00x-1-300x300.jpg","i4ACRGIAABoZVle9HwWcpw==":"no-sound-on-computer-gigapixel-lines-width-450px-300x300.jpg","m+uEOsP/+xqVXzgM+euFlw==":"download-gigapixel-lines-width-450px-450x440.jpg","XbZ5hq1GHVk672yk7/O4cg==":"download-gigapixel-lines-scale-6_00x-450x440.jpg","+bkuorPcoDL1kn4giL69OQ==":"firestick-remote-not-working-350x350.jpg","TF45T03ppo5N5CqV4iSK1A==":"download-241x143.jpg","gKILKtcFsSzedkDDnLDXFg==":"23169-350x350.png","WpZ70MzZrjkYP6zJ3BJfiA==":"tv-256x256.png","5w6qYASKdUJzEu0N9XPvOg==":"uiuethkebhfjlu3rbfds-240x240.png","7M4qvkiyZg4xpHMnq003uw==":"download-225x225.png","3m+K9GZexyXKDc2s1jYCLA==":"lg-g6-render-shows-similar-design-to-lg-g5-240x240.png","TwTetQxROlX8+npFUbNWsQ==":"samsung-logo-240x240.png","ywzZH5WV0y97kzOHv2x6hg==":"262171-240x267.png","8f4LTojiE2cRSAaXBp3Ilw==":"tcl-technology-gro--600-240x240.png","p8+e+H1oicsEpqf1SUaqcQ==":"philips-shield-240x220.png","Rcfa3etsoTCF1Qzkz8zgKw==":"download-1-225x225.png","QsLEoS2uqed63qbAtyZ6EA==":"haier.white.logo-240x240.png","ike8Q7nfCcvDf27MaW+jRw==":"1573678070_du-350x232.png","B+a2f9JI8K7yiCHA+sCu9Q==":"scale-1200.webp","krDmQ6Ujs2UAVsla0HToLg==":"post_5d4701d271f05-350x233.jpg","gaer91fGEQMtZV4LTFlh2g==":"perevozka-televizora-1-450x288.jpg","XazBHvL75B99hNstbLzyMg==":"10-300x300.jpg","0rXbZ+V4fybBDb9ifzw5Ew==":"images-256x143.jpg","LAY4YtQCl8A8Q+bd1L/LRA==":"images-gigapixel-low_res-scale-6_00x-cropped-256x183.jpg","Lk/5UuCTwuPmbHFABSRQUQ==":"freevector-no-signal-tv-450x336.jpg"}